title,combined_rank,interpark_rank,yes24_rank,interpark_rating,yes24_rating,image_url,interpark_detail_url,yes24_detail_url,performance_period,cast,venue,sources,final_rank
뮤지컬 〈MAD HATTER〉,1.0,1.0,,9.9,,https://ticketimage.interpark.com/Play/image/large/25/25013704_p.gif,https://tickets.interpark.com/goods/25013704,,2025.10.22 ~ 2026.1.18,,,['interpark'],1
〈센과 치히로의 행방불명〉오리지널 투어 (SPIRITED AWAY),1.5,2.0,1.0,,,https://ticketimage.interpark.com/Play/image/large/25/25015528_p.gif,https://tickets.interpark.com/goods/25015528,https://ticket.yes24.com/Perf/55838,,,,"['interpark', 'yes24']",2
IDOL RADIO Special : SUPER VIBE KOREA,2.0,,2.0,,,,,https://ticket.yes24.com/Perf/55825,,,,['yes24'],3
태양의서커스 〈쿠자〉,3.0,3.0,,9.7,,https://ticketimage.interpark.com/Play/image/large/25/25004474_p.gif,https://tickets.interpark.com/goods/25004474,,,,,['interpark'],4
지소쿠리클럽 연말 단독 콘서트 〈Into the Wild〉,3.0,,3.0,,,,,https://ticket.yes24.com/Perf/55818,,,,['yes24'],5
뮤지컬 〈아몬드〉,4.0,4.0,,9.4,,https://ticketimage.interpark.com/Play/image/large/25/25011300_p.gif,https://tickets.interpark.com/goods/25011300,,,,,['interpark'],6
뮤지컬 [해몽가],4.0,,4.0,,,,,https://ticket.yes24.com/Perf/55772,,,,['yes24'],7
뮤지컬 [어쩌면 해피엔딩] - YES24DAY,5.0,,5.0,,,,,https://ticket.yes24.com/Perf/55763,,,,['yes24'],8
〈라이프 오브 파이〉 한국 초연（Life of Pi）,5.0,5.0,,,,https://ticketimage.interpark.com/Play/image/large/25/25013804_p.gif,https://tickets.interpark.com/goods/25013804,,2025.11.29 ~ 2026.3.2,,,['interpark'],9
뮤지컬 〈물랑루즈!〉 (Moulin Rouge! The Musical),6.0,6.0,,,,https://ticketimage.interpark.com/Play/image/large/25/25013315_p.gif,https://tickets.interpark.com/goods/25013315,,2025.11.27 ~ 2026.2.22,,,['interpark'],10
뮤지컬 슈가 [SUGAR],6.0,,6.0,,,,,https://ticket.yes24.com/Perf/55750,,,,['yes24'],11
화성시 예술단 뮤지컬 「틸틸과 미틸」 - 화성,7.0,7.0,,,,https://ticketimage.interpark.com/Play/image/large/25/25016096_p.gif,https://tickets.interpark.com/goods/25016096,,,,,['interpark'],12
뮤지컬 [캐빈],8.0,,8.0,,,,,https://ticket.yes24.com/Perf/55710,,,,['yes24'],13
뮤지컬 〈미세스 다웃파이어〉,8.0,8.0,,9.7,,https://ticketimage.interpark.com/Play/image/large/25/25011168_p.gif,https://tickets.interpark.com/goods/25011168,,,,,['interpark'],14
뮤지컬 [존 도우],9.0,,9.0,,,,,https://ticket.yes24.com/Perf/55670,,,,['yes24'],15
뮤지컬 데스노트(The Musical Death Note),9.0,9.0,,9.7,,https://ticketimage.interpark.com/Play/image/large/25/25012652_p.gif,https://tickets.interpark.com/goods/25012652,,2025.10.14 ~ 2026.5.10,,,['interpark'],16
뮤지컬 크리스마스 캐럴,10.0,,10.0,,,,,https://ticket.yes24.com/Perf/55607,,,,['yes24'],17
뮤지컬 〈한복 입은 남자〉,10.0,10.0,,,,https://ticketimage.interpark.com/Play/image/large/25/25014050_p.gif,https://tickets.interpark.com/goods/25014050,,2025.12.2 ~ 2026.3.8,,,['interpark'],18
뮤지컬 〈레드북〉,11.0,11.0,,9.8,,https://ticketimage.interpark.com/Play/image/large/25/25011651_p.gif,https://tickets.interpark.com/goods/25011651,,,,,['interpark'],19
뮤지컬 [바둑이와 세리],11.0,,11.0,,0.0,,,https://ticket.yes24.com/Perf/55567,,,,['yes24'],20
뮤지컬 〈렌트〉,12.0,12.0,,,,https://ticketimage.interpark.com/Play/image/large/25/25013145_p.gif,https://tickets.interpark.com/goods/25013145,,2025.11.9 ~ 2026.2.22,,,['interpark'],21
COUNTDOWN FANTASY 2025-2026,12.0,,12.0,,,,,https://ticket.yes24.com/Perf/55543,,,,['yes24'],22
[창원] 뮤지컬 [여명],13.0,,13.0,,,,,https://ticket.yes24.com/Perf/55502,,,,['yes24'],23
뮤지컬 〈킹키부츠〉,13.0,13.0,,,,https://ticketimage.interpark.com/Play/image/large/25/25014553_p.gif,https://tickets.interpark.com/goods/25014553,,2025.12.17 ~ 2026.3.29,,,['interpark'],24
연극 〈타지마할의 근위병〉,14.0,,14.0,,,,,https://ticket.yes24.com/Perf/55481,,,,['yes24'],25
뮤지컬 〈보니 앤 클라이드〉,14.0,14.0,,,,https://ticketimage.interpark.com/Play/image/large/25/25015688_p.gif,https://tickets.interpark.com/goods/25015688,,2025.12.11 ~ 2026.3.2,,,['interpark'],26
어른이 뮤지컬 [난쟁이들],15.0,,15.0,,,,,https://ticket.yes24.com/Perf/55442,,,,['yes24'],27
뮤지컬 〈빨래〉,16.0,16.0,,9.4,,https://ticketimage.interpark.com/Play/image/large/25/25012969_p.gif,https://tickets.interpark.com/goods/25012969,,2025.10.3 ~ 2026.5.31,,,['interpark'],28
BAC 초이스 Ⅵ 뮤지컬 〈이매지너리〉,16.0,,16.0,,,,,https://ticket.yes24.com/Perf/55358,,,,['yes24'],29
〈슬립노모어 서울〉 (Sleep No More Seoul),17.0,17.0,,9.0,,https://ticketimage.interpark.com/Play/image/large/25/25008376_p.gif,https://tickets.interpark.com/goods/25008376,,,,,['interpark'],30
[라이프 오브 파이] 한국 초연（Life of Pi）,17.0,,17.0,,,,,https://ticket.yes24.com/Perf/55338,,,,['yes24'],31
뮤지컬 [EVITA],18.0,,18.0,,,,,https://ticket.yes24.com/Perf/55328,,,,['yes24'],32
뮤지컬 〈위키드〉 내한공연 - 부산 (WICKED The Musical),18.0,18.0,,,,https://ticketimage.interpark.com/Play/image/large/25/25012917_p.gif,https://tickets.interpark.com/goods/25012917,,2025.11.13 ~ 2026.1.18,,,['interpark'],33
뮤지컬 〈EVITA〉,19.0,19.0,,,,https://ticketimage.interpark.com/Play/image/large/25/25013554_p.gif,https://tickets.interpark.com/goods/25013554,,2025.11.7 ~ 2026.1.11,,,['interpark'],34
주민진 콘서트 [기적：From Universe],19.0,,19.0,,4.0,,,https://ticket.yes24.com/Perf/55324,,,,['yes24'],35
뮤지컬 〈킹키부츠〉 - 고양,20.0,20.0,,9.9,,https://ticketimage.interpark.com/Play/image/large/25/25013702_p.gif,https://tickets.interpark.com/goods/25013702,,,,,['interpark'],36
[부산] 이은결 ＜TRACK＞,20.0,,20.0,,,,,https://ticket.yes24.com/Perf/55304,,,,['yes24'],37
뮤지컬 위대한개츠비(The Great Gatsby) - 서울 오리지널 프로덕션,21.0,21.0,,9.0,,https://ticketimage.interpark.com/Play/image/large/25/25006972_p.gif,https://tickets.interpark.com/goods/25006972,,,,,['interpark'],38
창작뮤지컬 [님만헤민 게스트하우스],21.0,,21.0,,0.0,,,https://ticket.yes24.com/Perf/55273,,,,['yes24'],39
어른이 뮤지컬 〈난쟁이들〉,22.0,22.0,,,,https://ticketimage.interpark.com/Play/image/large/25/25013784_p.gif,https://tickets.interpark.com/goods/25013784,,2025.11.5 ~ 2026.3.1,,,['interpark'],40
뮤지컬 [바람으로의 여행],22.0,,22.0,,,,,https://ticket.yes24.com/Perf/55079,,,,['yes24'],41
뮤지컬 ［인사이드 윌리엄］- 대전,23.0,,23.0,,,,,https://ticket.yes24.com/Perf/54967,,,,['yes24'],42
뮤지컬 〈마리 퀴리〉 - 부평,23.0,23.0,,,,https://ticketimage.interpark.com/Play/image/large/25/25013882_p.gif,https://tickets.interpark.com/goods/25013882,,,,,['interpark'],43
뮤지컬 〈팬레터〉 10주년 기념 공연,23.5,40.0,7.0,,,https://ticketimage.interpark.com/Play/image/large/25/25015215_p.gif,https://tickets.interpark.com/goods/25015215,https://ticket.yes24.com/Perf/55736,2025.12.5 ~ 2026.2.22,,,"['interpark', 'yes24']",44
뮤지컬 〈라흐마니노프〉,24.0,24.0,,9.0,,https://ticketimage.interpark.com/Play/image/large/25/25011131_p.gif,https://tickets.interpark.com/goods/25011131,,,,,['interpark'],45
제20회 부산불꽃축제,24.0,,24.0,,,,,https://ticket.yes24.com/Perf/54955,,,,['yes24'],46
2025 최현우 아판타시아 - 서울,25.0,25.0,,9.8,,https://ticketimage.interpark.com/Play/image/large/25/25013005_p.gif,https://tickets.interpark.com/goods/25013005,,,,,['interpark'],47
쥬크박스 뮤지컬 [쇼 머스트 고 온 in 대학로],25.0,,25.0,,0.0,,,https://ticket.yes24.com/Perf/54920,,,,['yes24'],48
뮤지컬 [그레이하우스],26.0,,26.0,,4.0,,,https://ticket.yes24.com/Perf/54914,,,,['yes24'],49
2025 뮤지컬 〈미세스 다웃파이어〉 - 천안,26.0,26.0,,,,https://ticketimage.interpark.com/Play/image/large/25/25015325_p.gif,https://tickets.interpark.com/goods/25015325,,,,,['interpark'],50
쇼뮤지컬 ［와일드 와일드］,27.0,27.0,,9.8,,https://ticketimage.interpark.com/Play/image/large/25/25006677_p.gif,https://tickets.interpark.com/goods/25006677,,2025.6.13 ~ 2026.1.31,,,['interpark'],51
[얼리버드] 장 미셸 바스키아：과거와 미래를 잇는 상징적 기호들,27.0,,27.0,,0.0,,,https://ticket.yes24.com/Perf/54876,,,,['yes24'],52
뮤지컬 〈맘마미아!〉 - 평택,28.0,28.0,,,,https://ticketimage.interpark.com/Play/image/large/25/25015923_p.gif,https://tickets.interpark.com/goods/25015923,,,,,['interpark'],53
[비지정석] 뮤지컬 [김종욱 찾기],28.0,,28.0,,0.0,,,https://ticket.yes24.com/Perf/54861,,,,['yes24'],54
뮤지컬 [후크],29.0,,29.0,,4.0,,,https://ticket.yes24.com/Perf/54857,,,,['yes24'],55
뮤지컬 〈타조 소년들〉,29.0,29.0,,9.8,,https://ticketimage.interpark.com/Play/image/large/25/25011178_p.gif,https://tickets.interpark.com/goods/25011178,,,,,['interpark'],56
뮤지컬〈#0528〉,30.0,30.0,,9.5,,https://ticketimage.interpark.com/Play/image/large/25/25013154_p.gif,https://tickets.interpark.com/goods/25013154,,2025.10.22 ~ 2026.1.11,,,['interpark'],57
뮤지컬 [라흐마니노프],30.0,,30.0,,4.0,,,https://ticket.yes24.com/Perf/54744,,,,['yes24'],58
뮤지컬 〈빨래〉 20주년 콘서트,31.0,31.0,,,,https://ticketimage.interpark.com/Play/image/large/25/25013156_p.gif,https://tickets.interpark.com/goods/25013156,,,,,['interpark'],59
연극 〈에쿠우스 ´EQUUS´〉: 한국 초연 50주년 기념공연,31.0,,31.0,,4.0,,,https://ticket.yes24.com/Perf/54678,,,,['yes24'],60
뮤지컬 〈데카브리〉,32.0,32.0,,9.7,,https://ticketimage.interpark.com/Play/image/large/25/25011252_p.gif,https://tickets.interpark.com/goods/25011252,,,,,['interpark'],61
[서울] 태양의서커스 [쿠자],32.0,,32.0,,5.0,,,https://ticket.yes24.com/Perf/53879,,,,['yes24'],62
뮤지컬 써니텐,33.0,,33.0,,5.0,,,https://ticket.yes24.com/Perf/52880,,,,['yes24'],63
쇼뮤지컬 터치 파이브 〈TOUCH FIVE〉,33.0,33.0,,9.8,,https://ticketimage.interpark.com/Play/image/large/24/24014659_p.gif,https://tickets.interpark.com/goods/24014659,,2024.11.8 ~ 2025.12.31,,,['interpark'],64
2026 최현우 아판타시아 - 용인,34.0,34.0,,,,https://ticketimage.interpark.com/Play/image/large/25/25015580_p.gif,https://tickets.interpark.com/goods/25015580,,,,,['interpark'],65
해리 포터와 죽음의 성물™ Part,34.0,,34.0,,5.0,,,https://ticket.yes24.com/Perf/52508,,,,['yes24'],66
[부산] 뮤지컬 [어서 오세요， 휴남동 서점입니다],35.0,,35.0,,0.0,,,https://ticket.yes24.com/Perf/52271,,,,['yes24'],67
뮤지컬 〈비하인드 더 문 (Behind the Moon)〉,35.0,35.0,,,,https://ticketimage.interpark.com/Play/image/large/25/25013716_p.gif,https://tickets.interpark.com/goods/25013716,,2025.11.11 ~ 2026.2.8,,,['interpark'],68
뮤지컬 〈노트르담 드 파리〉 프렌치 오리지널 내한공연 한국투어 20주년 - 세종시,36.0,36.0,,,,https://ticketimage.interpark.com/Play/image/large/25/25013341_p.gif,https://tickets.interpark.com/goods/25013341,,,,,['interpark'],69
[비지정석] 뮤지컬 [연남동 빙굴빙굴 빨래방] - 2025년 공연,36.0,,36.0,,0.0,,,https://ticket.yes24.com/Perf/51850,,,,['yes24'],70
뮤지컬 드라큘라(Dracula) OST [10TH ANNIVERSARY CAST RECORDING],37.0,,37.0,,5.0,,,https://ticket.yes24.com/Perf/51497,,,,['yes24'],71
뮤지컬 〈킹키부츠〉 - 성남,37.0,37.0,,,,https://ticketimage.interpark.com/Play/image/large/25/25013892_p.gif,https://tickets.interpark.com/goods/25013892,,,,,['interpark'],72
페인터즈-광화문전용관,38.0,,38.0,,5.0,,,https://ticket.yes24.com/Perf/49034,,,,['yes24'],73
뮤지컬 〈테이크 오프〉,38.0,38.0,,,,https://ticketimage.interpark.com/Play/image/large/25/25014904_p.gif,https://tickets.interpark.com/goods/25014904,,2025.11.14 ~ 2026.2.1,,,['interpark'],74
뮤지컬 〈노트르담 드 파리〉 프렌치 오리지널 내한공연 한국투어 20주년 - 대구,39.0,39.0,,,,https://ticketimage.interpark.com/Play/image/large/25/25011980_p.gif,https://tickets.interpark.com/goods/25011980,,,,,['interpark'],75
25 뮤지컬 천로역정,39.0,,39.0,,5.0,,,https://ticket.yes24.com/Perf/47835,,,,['yes24'],76
25 스크루테이프의 편지,40.0,,40.0,,5.0,,,https://ticket.yes24.com/Perf/40844,,,,['yes24'],77
뮤지컬 〈미세스 다웃파이어〉 - 세종시,41.0,41.0,,,,https://ticketimage.interpark.com/Play/image/large/25/25015113_p.gif,https://tickets.interpark.com/goods/25015113,,,,,['interpark'],78
락뮤지컬 [프리즌],41.0,,41.0,,5.0,,,https://ticket.yes24.com/Perf/38930,,,,['yes24'],79
[삼척] 가족뮤지컬 [빨간모자와늑대],42.0,,42.0,,0.0,,,https://ticket.yes24.com/Perf/31334,,,,['yes24'],80
뮤지컬 〈윌리엄과 윌리엄의 윌리엄들〉 2025,42.0,42.0,,9.9,,https://ticketimage.interpark.com/Play/image/large/25/25010888_p.gif,https://tickets.interpark.com/goods/25010888,,,,,['interpark'],81
이은결 〈TRACK〉 - 크리스마스 수원,43.0,43.0,,,,https://ticketimage.interpark.com/Play/image/large/25/25014398_p.gif,https://tickets.interpark.com/goods/25014398,,,,,['interpark'],82
뮤지컬 〈맘마미아!〉 - 대구,44.0,44.0,,,,https://ticketimage.interpark.com/Play/image/large/25/25014015_p.gif,https://tickets.interpark.com/goods/25014015,,,,,['interpark'],83
난타(NANTA) - 명동공연,45.0,45.0,,9.7,,https://ticketimage.interpark.com/Play/image/large/22/22006637_p.gif,https://tickets.interpark.com/goods/22006637,,2022.7.8 ~ 2026.3.31,,,['interpark'],84
뮤지컬 〈푸른 사자 와니니〉,46.0,46.0,,,,https://ticketimage.interpark.com/Play/image/large/25/25015219_p.gif,https://tickets.interpark.com/goods/25015219,,,,,['interpark'],85
뮤지컬 〈맘마미아!〉 - 안산,47.0,47.0,,,,https://ticketimage.interpark.com/Play/image/large/25/25015231_p.gif,https://tickets.interpark.com/goods/25015231,,,,,['interpark'],86
뮤지컬 〈빨래〉 - 대구,48.0,48.0,,,,https://ticketimage.interpark.com/Play/image/large/25/25013473_p.gif,https://tickets.interpark.com/goods/25013473,,,,,['interpark'],87
뮤지컬 〈르 마스크〉,49.0,49.0,,9.8,,https://ticketimage.interpark.com/Play/image/large/25/25009176_p.gif,https://tickets.interpark.com/goods/25009176,,,,,['interpark'],88
뮤지컬 〈미세스 다웃파이어〉 - 수원,50.0,50.0,,,,https://ticketimage.interpark.com/Play/image/large/25/25015757_p.gif,https://tickets.interpark.com/goods/25015757,,,,,['interpark'],89
