title,rank,interpark_rank,yes24_rank,interpark_rating,yes24_rating,image_url,detail_url,yes24_detail_url,performance_period,booking_rate,venue,source,crawled_at,final_rank
뮤지컬 〈MAD HATTER〉,1,1.0,,9.9,,https://ticketimage.interpark.com/Play/image/large/25/25013704_p.gif,https://tickets.interpark.com/goods/25013704,,2025.10.22 ~ 2026.1.18,13.0,,interpark,2025-11-04T16:22:36.642246,1
〈센과 치히로의 행방불명〉오리지널 투어 (SPIRITED AWAY),2,2.0,1.0,,,https://ticketimage.interpark.com/Play/image/large/25/25015528_p.gif,https://tickets.interpark.com/goods/25015528,https://ticket.yes24.com/Perf/55838,,10.2,,both,2025-11-04T16:22:36.642254,2
태양의서커스 〈쿠자〉,3,3.0,32.0,9.7,5.0,https://ticketimage.interpark.com/Play/image/large/25/25004474_p.gif,https://tickets.interpark.com/goods/25004474,https://ticket.yes24.com/Perf/53879,,9.4,,both,2025-11-04T16:22:36.642256,3
뮤지컬 〈아몬드〉,4,4.0,,9.4,,https://ticketimage.interpark.com/Play/image/large/25/25011300_p.gif,https://tickets.interpark.com/goods/25011300,,,8.0,,interpark,2025-11-04T16:22:36.642257,4
〈라이프 오브 파이〉 한국 초연（Life of Pi）,5,5.0,17.0,,,https://ticketimage.interpark.com/Play/image/large/25/25013804_p.gif,https://tickets.interpark.com/goods/25013804,https://ticket.yes24.com/Perf/55338,2025.11.29 ~ 2026.3.2,5.1,,both,2025-11-04T16:22:36.642258,5
뮤지컬 〈물랑루즈!〉 (Moulin Rouge! The Musical),6,6.0,,,,https://ticketimage.interpark.com/Play/image/large/25/25013315_p.gif,https://tickets.interpark.com/goods/25013315,,2025.11.27 ~ 2026.2.22,4.9,,interpark,2025-11-04T16:22:36.642260,6
화성시 예술단 뮤지컬 「틸틸과 미틸」 - 화성,7,7.0,,,,https://ticketimage.interpark.com/Play/image/large/25/25016096_p.gif,https://tickets.interpark.com/goods/25016096,,,4.7,,interpark,2025-11-04T16:22:36.642261,7
뮤지컬 〈미세스 다웃파이어〉,8,8.0,,9.7,,https://ticketimage.interpark.com/Play/image/large/25/25011168_p.gif,https://tickets.interpark.com/goods/25011168,,,4.4,,interpark,2025-11-04T16:22:36.642262,8
뮤지컬 데스노트(The Musical Death Note),9,9.0,,9.7,,https://ticketimage.interpark.com/Play/image/large/25/25012652_p.gif,https://tickets.interpark.com/goods/25012652,,2025.10.14 ~ 2026.5.10,3.4,,interpark,2025-11-04T16:22:36.642265,9
뮤지컬 〈한복 입은 남자〉,10,10.0,,,,https://ticketimage.interpark.com/Play/image/large/25/25014050_p.gif,https://tickets.interpark.com/goods/25014050,,2025.12.2 ~ 2026.3.8,2.5,,interpark,2025-11-04T16:22:36.642267,10
뮤지컬 〈레드북〉,11,11.0,,9.8,,https://ticketimage.interpark.com/Play/image/large/25/25011651_p.gif,https://tickets.interpark.com/goods/25011651,,,2.3,,interpark,2025-11-04T16:22:36.642268,11
뮤지컬 〈렌트〉,12,12.0,,,,https://ticketimage.interpark.com/Play/image/large/25/25013145_p.gif,https://tickets.interpark.com/goods/25013145,,2025.11.9 ~ 2026.2.22,1.8,,interpark,2025-11-04T16:22:36.642269,12
뮤지컬 〈킹키부츠〉,13,13.0,,,,https://ticketimage.interpark.com/Play/image/large/25/25014553_p.gif,https://tickets.interpark.com/goods/25014553,,2025.12.17 ~ 2026.3.29,1.8,,interpark,2025-11-04T16:22:36.642270,13
뮤지컬 〈보니 앤 클라이드〉,14,14.0,,,,https://ticketimage.interpark.com/Play/image/large/25/25015688_p.gif,https://tickets.interpark.com/goods/25015688,,2025.12.11 ~ 2026.3.2,1.4,,interpark,2025-11-04T16:22:36.642271,14
뮤지컬 〈빨래〉,16,16.0,,9.4,,https://ticketimage.interpark.com/Play/image/large/25/25012969_p.gif,https://tickets.interpark.com/goods/25012969,,2025.10.3 ~ 2026.5.31,1.2,,interpark,2025-11-04T16:22:36.642272,15
〈슬립노모어 서울〉 (Sleep No More Seoul),17,17.0,,9.0,,https://ticketimage.interpark.com/Play/image/large/25/25008376_p.gif,https://tickets.interpark.com/goods/25008376,,,1.0,,interpark,2025-11-04T16:22:36.642274,16
뮤지컬 〈위키드〉 내한공연 - 부산 (WICKED The Musical),18,18.0,,,,https://ticketimage.interpark.com/Play/image/large/25/25012917_p.gif,https://tickets.interpark.com/goods/25012917,,2025.11.13 ~ 2026.1.18,1.0,,interpark,2025-11-04T16:22:36.642275,17
뮤지컬 〈EVITA〉,19,19.0,18.0,,,https://ticketimage.interpark.com/Play/image/large/25/25013554_p.gif,https://tickets.interpark.com/goods/25013554,https://ticket.yes24.com/Perf/55328,2025.11.7 ~ 2026.1.11,0.8,,both,2025-11-04T16:22:36.642276,18
뮤지컬 〈킹키부츠〉 - 고양,20,20.0,,9.9,,https://ticketimage.interpark.com/Play/image/large/25/25013702_p.gif,https://tickets.interpark.com/goods/25013702,,,0.8,,interpark,2025-11-04T16:22:36.642277,19
뮤지컬 위대한개츠비(The Great Gatsby) - 서울 오리지널 프로덕션,21,21.0,,9.0,,https://ticketimage.interpark.com/Play/image/large/25/25006972_p.gif,https://tickets.interpark.com/goods/25006972,,,0.7,,interpark,2025-11-04T16:22:36.642278,20
어른이 뮤지컬 〈난쟁이들〉,22,22.0,15.0,,,https://ticketimage.interpark.com/Play/image/large/25/25013784_p.gif,https://tickets.interpark.com/goods/25013784,https://ticket.yes24.com/Perf/55442,2025.11.5 ~ 2026.3.1,0.7,,both,2025-11-04T16:22:36.642279,21
뮤지컬 〈마리 퀴리〉 - 부평,23,23.0,,,,https://ticketimage.interpark.com/Play/image/large/25/25013882_p.gif,https://tickets.interpark.com/goods/25013882,,,0.7,,interpark,2025-11-04T16:22:36.642281,22
뮤지컬 〈라흐마니노프〉,24,24.0,30.0,9.0,4.0,https://ticketimage.interpark.com/Play/image/large/25/25011131_p.gif,https://tickets.interpark.com/goods/25011131,https://ticket.yes24.com/Perf/54744,,0.7,,both,2025-11-04T16:22:36.642282,23
2025 최현우 아판타시아 - 서울,25,25.0,,9.8,,https://ticketimage.interpark.com/Play/image/large/25/25013005_p.gif,https://tickets.interpark.com/goods/25013005,,,0.6,,interpark,2025-11-04T16:22:36.642283,24
2025 뮤지컬 〈미세스 다웃파이어〉 - 천안,26,26.0,,,,https://ticketimage.interpark.com/Play/image/large/25/25015325_p.gif,https://tickets.interpark.com/goods/25015325,,,0.5,,interpark,2025-11-04T16:22:36.642284,25
쇼뮤지컬 ［와일드 와일드］,27,27.0,25.0,9.8,0.0,https://ticketimage.interpark.com/Play/image/large/25/25006677_p.gif,https://tickets.interpark.com/goods/25006677,https://ticket.yes24.com/Perf/54920,2025.6.13 ~ 2026.1.31,0.5,,both,2025-11-04T16:22:36.642285,26
뮤지컬 〈맘마미아!〉 - 평택,28,28.0,,,,https://ticketimage.interpark.com/Play/image/large/25/25015923_p.gif,https://tickets.interpark.com/goods/25015923,,,0.5,,interpark,2025-11-04T16:22:36.642286,27
뮤지컬 〈타조 소년들〉,29,29.0,,9.8,,https://ticketimage.interpark.com/Play/image/large/25/25011178_p.gif,https://tickets.interpark.com/goods/25011178,,,0.5,,interpark,2025-11-04T16:22:36.642287,28
뮤지컬〈#0528〉,30,30.0,,9.5,,https://ticketimage.interpark.com/Play/image/large/25/25013154_p.gif,https://tickets.interpark.com/goods/25013154,,2025.10.22 ~ 2026.1.11,0.5,,interpark,2025-11-04T16:22:36.642289,29
뮤지컬 〈빨래〉 20주년 콘서트,31,31.0,,,,https://ticketimage.interpark.com/Play/image/large/25/25013156_p.gif,https://tickets.interpark.com/goods/25013156,,,0.5,,interpark,2025-11-04T16:22:36.642290,30
뮤지컬 〈데카브리〉,32,32.0,,9.7,,https://ticketimage.interpark.com/Play/image/large/25/25011252_p.gif,https://tickets.interpark.com/goods/25011252,,,0.5,,interpark,2025-11-04T16:22:36.642291,31
쇼뮤지컬 터치 파이브 〈TOUCH FIVE〉,33,33.0,,9.8,,https://ticketimage.interpark.com/Play/image/large/24/24014659_p.gif,https://tickets.interpark.com/goods/24014659,,2024.11.8 ~ 2025.12.31,0.5,,interpark,2025-11-04T16:22:36.642292,32
2026 최현우 아판타시아 - 용인,34,34.0,,,,https://ticketimage.interpark.com/Play/image/large/25/25015580_p.gif,https://tickets.interpark.com/goods/25015580,,,0.5,,interpark,2025-11-04T16:22:36.642293,33
뮤지컬 〈비하인드 더 문 (Behind the Moon)〉,35,35.0,,,,https://ticketimage.interpark.com/Play/image/large/25/25013716_p.gif,https://tickets.interpark.com/goods/25013716,,2025.11.11 ~ 2026.2.8,0.5,,interpark,2025-11-04T16:22:36.642295,34
뮤지컬 〈노트르담 드 파리〉 프렌치 오리지널 내한공연 한국투어 20주년 - 세종시,36,36.0,,,,https://ticketimage.interpark.com/Play/image/large/25/25013341_p.gif,https://tickets.interpark.com/goods/25013341,,,0.4,,interpark,2025-11-04T16:22:36.642296,35
뮤지컬 〈킹키부츠〉 - 성남,37,37.0,,,,https://ticketimage.interpark.com/Play/image/large/25/25013892_p.gif,https://tickets.interpark.com/goods/25013892,,,0.4,,interpark,2025-11-04T16:22:36.642297,36
뮤지컬 〈테이크 오프〉,38,38.0,,,,https://ticketimage.interpark.com/Play/image/large/25/25014904_p.gif,https://tickets.interpark.com/goods/25014904,,2025.11.14 ~ 2026.2.1,0.4,,interpark,2025-11-04T16:22:36.642298,37
뮤지컬 〈노트르담 드 파리〉 프렌치 오리지널 내한공연 한국투어 20주년 - 대구,39,39.0,,,,https://ticketimage.interpark.com/Play/image/large/25/25011980_p.gif,https://tickets.interpark.com/goods/25011980,,,0.4,,interpark,2025-11-04T16:22:36.642299,38
뮤지컬 〈팬레터〉 10주년 기념 공연,40,40.0,7.0,,,https://ticketimage.interpark.com/Play/image/large/25/25015215_p.gif,https://tickets.interpark.com/goods/25015215,https://ticket.yes24.com/Perf/55736,2025.12.5 ~ 2026.2.22,0.4,,both,2025-11-04T16:22:36.642300,39
뮤지컬 〈미세스 다웃파이어〉 - 세종시,41,41.0,,,,https://ticketimage.interpark.com/Play/image/large/25/25015113_p.gif,https://tickets.interpark.com/goods/25015113,,,0.3,,interpark,2025-11-04T16:22:36.642301,40
뮤지컬 〈윌리엄과 윌리엄의 윌리엄들〉 2025,42,42.0,,9.9,,https://ticketimage.interpark.com/Play/image/large/25/25010888_p.gif,https://tickets.interpark.com/goods/25010888,,,0.3,,interpark,2025-11-04T16:22:36.642302,41
이은결 〈TRACK〉 - 크리스마스 수원,43,43.0,20.0,,,https://ticketimage.interpark.com/Play/image/large/25/25014398_p.gif,https://tickets.interpark.com/goods/25014398,https://ticket.yes24.com/Perf/55304,,0.3,,both,2025-11-04T16:22:36.642303,42
뮤지컬 〈맘마미아!〉 - 대구,44,44.0,,,,https://ticketimage.interpark.com/Play/image/large/25/25014015_p.gif,https://tickets.interpark.com/goods/25014015,,,0.3,,interpark,2025-11-04T16:22:36.642305,43
난타(NANTA) - 명동공연,45,45.0,,9.7,,https://ticketimage.interpark.com/Play/image/large/22/22006637_p.gif,https://tickets.interpark.com/goods/22006637,,2022.7.8 ~ 2026.3.31,0.3,,interpark,2025-11-04T16:22:36.642306,44
뮤지컬 〈푸른 사자 와니니〉,46,46.0,,,,https://ticketimage.interpark.com/Play/image/large/25/25015219_p.gif,https://tickets.interpark.com/goods/25015219,,,0.3,,interpark,2025-11-04T16:22:36.642307,45
뮤지컬 〈맘마미아!〉 - 안산,47,47.0,,,,https://ticketimage.interpark.com/Play/image/large/25/25015231_p.gif,https://tickets.interpark.com/goods/25015231,,,0.2,,interpark,2025-11-04T16:22:36.642308,46
뮤지컬 〈빨래〉 - 대구,48,48.0,,,,https://ticketimage.interpark.com/Play/image/large/25/25013473_p.gif,https://tickets.interpark.com/goods/25013473,,,0.2,,interpark,2025-11-04T16:22:36.642309,47
뮤지컬 〈르 마스크〉,49,49.0,,9.8,,https://ticketimage.interpark.com/Play/image/large/25/25009176_p.gif,https://tickets.interpark.com/goods/25009176,,,0.2,,interpark,2025-11-04T16:22:36.642310,48
뮤지컬 〈미세스 다웃파이어〉 - 수원,50,50.0,,,,https://ticketimage.interpark.com/Play/image/large/25/25015757_p.gif,https://tickets.interpark.com/goods/25015757,,,0.2,,interpark,2025-11-04T16:22:36.642311,49
IDOL RADIO Special : SUPER VIBE KOREA,50,,2.0,,,,https://ticket.yes24.com/Perf/55825,https://ticket.yes24.com/Perf/55825,,,,yes24,2025-11-04T16:23:22.666163,50
지소쿠리클럽 연말 단독 콘서트 〈Into the Wild〉,51,,3.0,,,,https://ticket.yes24.com/Perf/55818,https://ticket.yes24.com/Perf/55818,,,,yes24,2025-11-04T16:23:22.666165,51
뮤지컬 [해몽가],52,,4.0,,,,https://ticket.yes24.com/Perf/55772,https://ticket.yes24.com/Perf/55772,,,,yes24,2025-11-04T16:23:22.666167,52
뮤지컬 [어쩌면 해피엔딩] - YES24DAY,53,,5.0,,,,https://ticket.yes24.com/Perf/55763,https://ticket.yes24.com/Perf/55763,,,,yes24,2025-11-04T16:23:22.666169,53
뮤지컬 슈가 [SUGAR],54,,6.0,,,,https://ticket.yes24.com/Perf/55750,https://ticket.yes24.com/Perf/55750,,,,yes24,2025-11-04T16:23:22.666171,54
뮤지컬 [캐빈],55,,8.0,,,,https://ticket.yes24.com/Perf/55710,https://ticket.yes24.com/Perf/55710,,,,yes24,2025-11-04T16:23:22.666173,55
뮤지컬 [존 도우],56,,9.0,,,,https://ticket.yes24.com/Perf/55670,https://ticket.yes24.com/Perf/55670,,,,yes24,2025-11-04T16:23:22.666175,56
뮤지컬 크리스마스 캐럴,57,,10.0,,,,https://ticket.yes24.com/Perf/55607,https://ticket.yes24.com/Perf/55607,,,,yes24,2025-11-04T16:23:22.666177,57
뮤지컬 [바둑이와 세리],58,,11.0,,0.0,,https://ticket.yes24.com/Perf/55567,https://ticket.yes24.com/Perf/55567,,,,yes24,2025-11-04T16:23:22.666178,58
COUNTDOWN FANTASY 2025-2026,59,,12.0,,,,https://ticket.yes24.com/Perf/55543,https://ticket.yes24.com/Perf/55543,,,,yes24,2025-11-04T16:23:22.666180,59
[창원] 뮤지컬 [여명],60,,13.0,,,,https://ticket.yes24.com/Perf/55502,https://ticket.yes24.com/Perf/55502,,,,yes24,2025-11-04T16:23:22.666181,60
연극 〈타지마할의 근위병〉,61,,14.0,,,,https://ticket.yes24.com/Perf/55481,https://ticket.yes24.com/Perf/55481,,,,yes24,2025-11-04T16:23:22.666182,61
BAC 초이스 Ⅵ 뮤지컬 〈이매지너리〉,62,,16.0,,,,https://ticket.yes24.com/Perf/55358,https://ticket.yes24.com/Perf/55358,,,,yes24,2025-11-04T16:23:22.666186,62
주민진 콘서트 [기적：From Universe],63,,19.0,,4.0,,https://ticket.yes24.com/Perf/55324,https://ticket.yes24.com/Perf/55324,,,,yes24,2025-11-04T16:23:22.666190,63
창작뮤지컬 [님만헤민 게스트하우스],64,,21.0,,0.0,,https://ticket.yes24.com/Perf/55273,https://ticket.yes24.com/Perf/55273,,,,yes24,2025-11-04T16:23:22.666193,64
뮤지컬 [바람으로의 여행],65,,22.0,,,,https://ticket.yes24.com/Perf/55079,https://ticket.yes24.com/Perf/55079,,,,yes24,2025-11-04T16:23:22.666194,65
뮤지컬 ［인사이드 윌리엄］- 대전,66,,23.0,,,,https://ticket.yes24.com/Perf/54967,https://ticket.yes24.com/Perf/54967,,,,yes24,2025-11-04T16:23:22.666196,66
제20회 부산불꽃축제,67,,24.0,,,,https://ticket.yes24.com/Perf/54955,https://ticket.yes24.com/Perf/54955,,,,yes24,2025-11-04T16:23:22.666197,67
뮤지컬 [그레이하우스],68,,26.0,,4.0,,https://ticket.yes24.com/Perf/54914,https://ticket.yes24.com/Perf/54914,,,,yes24,2025-11-04T16:23:22.666200,68
[얼리버드] 장 미셸 바스키아：과거와 미래를 잇는 상징적 기호들,69,,27.0,,0.0,,https://ticket.yes24.com/Perf/54876,https://ticket.yes24.com/Perf/54876,,,,yes24,2025-11-04T16:23:22.666201,69
[비지정석] 뮤지컬 [김종욱 찾기],70,,28.0,,0.0,,https://ticket.yes24.com/Perf/54861,https://ticket.yes24.com/Perf/54861,,,,yes24,2025-11-04T16:23:22.666203,70
뮤지컬 [후크],71,,29.0,,4.0,,https://ticket.yes24.com/Perf/54857,https://ticket.yes24.com/Perf/54857,,,,yes24,2025-11-04T16:23:22.666204,71
연극 〈에쿠우스 ´EQUUS´〉: 한국 초연 50주년 기념공연,72,,31.0,,4.0,,https://ticket.yes24.com/Perf/54678,https://ticket.yes24.com/Perf/54678,,,,yes24,2025-11-04T16:23:22.666206,72
뮤지컬 써니텐,73,,33.0,,5.0,,https://ticket.yes24.com/Perf/52880,https://ticket.yes24.com/Perf/52880,,,,yes24,2025-11-04T16:23:22.666209,73
해리 포터와 죽음의 성물™ Part,74,,34.0,,5.0,,https://ticket.yes24.com/Perf/52508,https://ticket.yes24.com/Perf/52508,,,,yes24,2025-11-04T16:23:22.666210,74
[부산] 뮤지컬 [어서 오세요， 휴남동 서점입니다],75,,35.0,,0.0,,https://ticket.yes24.com/Perf/52271,https://ticket.yes24.com/Perf/52271,,,,yes24,2025-11-04T16:23:22.666211,75
[비지정석] 뮤지컬 [연남동 빙굴빙굴 빨래방] - 2025년 공연,76,,36.0,,0.0,,https://ticket.yes24.com/Perf/51850,https://ticket.yes24.com/Perf/51850,,,,yes24,2025-11-04T16:23:22.666212,76
뮤지컬 드라큘라(Dracula) OST [10TH ANNIVERSARY CAST RECORDING],77,,37.0,,5.0,,https://ticket.yes24.com/Perf/51497,https://ticket.yes24.com/Perf/51497,,,,yes24,2025-11-04T16:23:22.666213,77
페인터즈-광화문전용관,78,,38.0,,5.0,,https://ticket.yes24.com/Perf/49034,https://ticket.yes24.com/Perf/49034,,,,yes24,2025-11-04T16:23:22.666215,78
25 뮤지컬 천로역정,79,,39.0,,5.0,,https://ticket.yes24.com/Perf/47835,https://ticket.yes24.com/Perf/47835,,,,yes24,2025-11-04T16:23:22.666216,79
25 스크루테이프의 편지,80,,40.0,,5.0,,https://ticket.yes24.com/Perf/40844,https://ticket.yes24.com/Perf/40844,,,,yes24,2025-11-04T16:23:22.666217,80
락뮤지컬 [프리즌],81,,41.0,,5.0,,https://ticket.yes24.com/Perf/38930,https://ticket.yes24.com/Perf/38930,,,,yes24,2025-11-04T16:23:22.666219,81
[삼척] 가족뮤지컬 [빨간모자와늑대],82,,42.0,,0.0,,https://ticket.yes24.com/Perf/31334,https://ticket.yes24.com/Perf/31334,,,,yes24,2025-11-04T16:23:22.666220,82
